project_id,project_name,country_code,technology,project_status,curation_bucket,priority_score,location_text,province_state_region,claimed_capacity_mw,claimed_cod,source_confidence,source_primary_type,source_primary_url,source_secondary_urls,suggested_search_query,next_action,curation_reasons,data_quality_flags
PHL-W-ASEAN-006,Northern Mindoro Offshore,PHL,wind,pre-construction,accepted,90,Northern Mindoro coast,Mindoro,2000.0,,high,Government Registry,https://www.doe.gov.ph/awarded-offshore-wind-projects,,Northern Mindoro Offshore | Northern Mindoro coast | Mindoro | The Philippines,Find exact site location from source and recover coordinates,missing_cod; missing_coordinates,"Missing coordinates, Missing exact COD"
PHL-W-ASEAN-005,NOM FL1 Offshore Wind,PHL,wind,pre-construction,accepted,90,Northern Occidental Mindoro coast,Occidental Mindoro,3038.0,,high,Government Registry,https://www.doe.gov.ph/awarded-offshore-wind-projects,,NOM FL1 Offshore Wind | Northern Occidental Mindoro coast | Occidental Mindoro | The Philippines,Find exact site location from source and recover coordinates,missing_cod; missing_coordinates,"Missing coordinates, Missing exact COD"
KHM-S-ASEAN-001,National Solar Park,KHM,solar,operating,accepted,90,Kampong Chhnang,Kampong Chhnang,100.0,,high,Compiled regional memo,https://www.adb.org/projects/50248-001/main,,National Solar Park | Kampong Chhnang | Kampong Chhnang | Cambodia,Find exact site location from source and recover coordinates,missing_cod; missing_coordinates,"Missing coordinates, Missing exact COD"
IDN-S-ASEAN-004,Trembesi Floating Solar,IDN,solar,pre-construction,accepted,90,Tembesi Reservoir Batam,Riau Islands,35.0,,high,Developer Website,https://ptplnnr.com/news-and-articles/detail/getting-to-know-plts-terapung-tembesi-the-largest-solar-power-plant-in-indonesia-by-pln-nusantara-renewables,,Trembesi Floating Solar | Tembesi Reservoir Batam | Riau Islands | Indonesia,Find exact site location from source and recover coordinates,missing_cod; missing_coordinates,"Missing coordinates, Missing exact COD"
THA-S-ASEAN-004,Srinagarind Dam FPV 3,THA,solar,pre-construction,accepted,80,Srinagarind Dam Si Sawat District,Kanchanaburi,280.0,,medium,Industry News,https://asian-power.com/news/thailand-seeks-bids-280-mwac-floating-solar-project,,Srinagarind Dam FPV 3 | Srinagarind Dam Si Sawat District | Kanchanaburi | Thailand,Find exact site location from source and recover coordinates,missing_cod; missing_coordinates,"Missing coordinates, Missing exact COD"
THA-S-ASEAN-003,Sri Nakarin Dam FPV 1,THA,solar,pre-construction,accepted,80,Srinagarind Dam Si Sawat District,Kanchanaburi,140.0,,medium,Industry News,https://taiyangnews.info/tenders/thailand-280-mw-ac-floating-solar-tender,,Sri Nakarin Dam FPV 1 | Srinagarind Dam Si Sawat District | Kanchanaburi | Thailand,Find exact site location from source and recover coordinates,missing_cod; missing_coordinates,"Missing coordinates, Missing exact COD"
THA-S-ASEAN-002,Saeng Pat Phalangngan,THA,solar,operating,accepted,80,Uttaradit,Uttaradit,77.0,,medium,Financing Document,https://www.findevcanada.ca/sites/default/files/2025-01/Solar%20and%20Solar%20BESS%20site%20information.pdf,,Saeng Pat Phalangngan | Uttaradit | Uttaradit | Thailand,Find exact site location from source and recover coordinates,missing_cod; missing_coordinates,"Missing coordinates, Missing exact COD"
THA-S-ASEAN-001,Bhumibol Dam FPV 1,THA,solar,pre-construction,accepted,80,Bhumibol Dam Sam Ngao District,Tak,158.0,,medium,Industry News,https://solarquarter.com/2025/03/31/thailand-energy-egat-advances-bhumibol-dam-floating-solar-project-with-158-mw-capacity/,,Bhumibol Dam FPV 1 | Bhumibol Dam Sam Ngao District | Tak | Thailand,Find exact site location from source and recover coordinates,missing_cod; missing_coordinates,"Missing coordinates, Missing exact COD"
SGP-S-ASEAN-004,Sembcorp Tengeh Floating Solar Farm,SGP,solar,operating,accepted,80,Tengeh Reservoir,Tengeh Reservoir,60.0,,medium,Compiled regional memo,https://www.weforum.org/stories/2021/07/singapore-floating-solar-panel-project-to-power-water-system/,,Sembcorp Tengeh Floating Solar Farm | Tengeh Reservoir | Tengeh Reservoir | Singapore,Find exact site location from source and recover coordinates,missing_cod; missing_coordinates,"Missing coordinates, Missing exact COD"
SGP-S-ASEAN-001,Kranji Reservoir Floating Solar,SGP,solar,construction,accepted,80,Kranji Reservoir,Kranji Reservoir,141.0,,medium,Compiled regional memo,https://www.weforum.org/stories/2021/07/singapore-floating-solar-panel-project-to-power-water-system/,,Kranji Reservoir Floating Solar | Kranji Reservoir | Kranji Reservoir | Singapore,Find exact site location from source and recover coordinates,missing_cod; missing_coordinates,"Missing coordinates, Missing exact COD"
PHL-M-ASEAN-001,Terra Solar (with BESS),PHL,mixed,pre-construction,accepted,80,"Nueva Ecija, Bulacan","Nueva Ecija, Bulacan",1785.7,,medium,Compiled regional memo,https://www.evoss.ph/Home/Download/246716,,"Terra Solar (with BESS) | Nueva Ecija, Bulacan | Nueva Ecija, Bulacan | The Philippines",Find exact site location from source and recover coordinates,missing_cod; missing_coordinates,"Missing coordinates, Missing exact COD"
PHL-W-ASEAN-007,San Miguel Bay Offshore,PHL,wind,pre-construction,accepted,80,Camarines Norte,Camarines Norte,1000.0,,medium,Compiled regional memo,https://www.evoss.ph/Home/Download/246716,,San Miguel Bay Offshore | Camarines Norte | Camarines Norte | The Philippines,Find exact site location from source and recover coordinates,missing_cod; missing_coordinates,"Missing coordinates, Missing exact COD"
PHL-W-ASEAN-004,Mariveles Offshore Wind,PHL,wind,pre-construction,accepted,80,Bataan,Bataan,1500.0,,medium,Compiled regional memo,https://www.evoss.ph/Home/Download/246716,,Mariveles Offshore Wind | Bataan | Bataan | The Philippines,Find exact site location from source and recover coordinates,missing_cod; missing_coordinates,"Missing coordinates, Missing exact COD"
PHL-W-ASEAN-003,Claveria Offshore Wind,PHL,wind,pre-construction,accepted,80,Ilocos Norte / Cagayan,Ilocos Norte / Cagayan,1600.0,,medium,Compiled regional memo,https://www.evoss.ph/Home/Download/246716,,Claveria Offshore Wind | Ilocos Norte / Cagayan | Ilocos Norte / Cagayan | The Philippines,Find exact site location from source and recover coordinates,missing_cod; missing_coordinates,"Missing coordinates, Missing exact COD"
PHL-W-ASEAN-002,Calatagan Offshore Wind,PHL,wind,pre-construction,accepted,80,Batangas,Batangas,1830.0,,medium,Compiled regional memo,https://www.evoss.ph/Home/Download/246716,,Calatagan Offshore Wind | Batangas | Batangas | The Philippines,Find exact site location from source and recover coordinates,missing_cod; missing_coordinates,"Missing coordinates, Missing exact COD"
PHL-W-ASEAN-001,Bulalacao Bay Offshore,PHL,wind,pre-construction,accepted,80,Oriental Mindoro,Oriental Mindoro,1200.0,,medium,Compiled regional memo,https://www.evoss.ph/Home/Download/246716,,Bulalacao Bay Offshore | Oriental Mindoro | Oriental Mindoro | The Philippines,Find exact site location from source and recover coordinates,missing_cod; missing_coordinates,"Missing coordinates, Missing exact COD"
MYS-S-ASEAN-006,LSS5+ reNIKOLA Kemaman 2,MYS,solar,pre-construction,accepted,80,Terengganu,Terengganu,150.0,,medium,Compiled regional memo,https://www.bernama.com/en/news.php?id=2463180,,LSS5+ reNIKOLA Kemaman 2 | Terengganu | Terengganu | Malaysia,Find exact site location from source and recover coordinates,missing_cod; missing_coordinates,"Missing coordinates, Missing exact COD"
MYS-S-ASEAN-005,LSS5+ reNIKOLA Kemaman 1,MYS,solar,pre-construction,accepted,80,Terengganu,Terengganu,250.0,,medium,Compiled regional memo,https://www.bernama.com/en/news.php?id=2463180,,LSS5+ reNIKOLA Kemaman 1 | Terengganu | Terengganu | Malaysia,Find exact site location from source and recover coordinates,missing_cod; missing_coordinates,"Missing coordinates, Missing exact COD"
MYS-S-ASEAN-004,LSS5+ Windsor Estate Solar,MYS,solar,pre-construction,accepted,80,Perak,Perak,470.0,,medium,Compiled regional memo,https://www.bernama.com/en/news.php?id=2463180,,LSS5+ Windsor Estate Solar | Perak | Perak | Malaysia,Find exact site location from source and recover coordinates,missing_cod; missing_coordinates,"Missing coordinates, Missing exact COD"
MYS-S-ASEAN-003,LSS5+ Segamat Solar,MYS,solar,pre-construction,accepted,80,Johor,Johor,99.99,,medium,Compiled regional memo,https://www.bernama.com/en/news.php?id=2463180,,LSS5+ Segamat Solar | Johor | Johor | Malaysia,Find exact site location from source and recover coordinates,missing_cod; missing_coordinates,"Missing coordinates, Missing exact COD"
MYS-S-ASEAN-002,LSS5+ Port Dickson Solar,MYS,solar,pre-construction,accepted,80,Negeri Sembilan,Negeri Sembilan,99.99,,medium,Compiled regional memo,https://www.bernama.com/en/news.php?id=2463180,,LSS5+ Port Dickson Solar | Negeri Sembilan | Negeri Sembilan | Malaysia,Find exact site location from source and recover coordinates,missing_cod; missing_coordinates,"Missing coordinates, Missing exact COD"
MYS-S-ASEAN-001,LSS5+ Kelantan Solar,MYS,solar,pre-construction,accepted,80,Kelantan,Kelantan,100.0,,medium,Compiled regional memo,https://www.bernama.com/en/news.php?id=2463180,,LSS5+ Kelantan Solar | Kelantan | Kelantan | Malaysia,Find exact site location from source and recover coordinates,missing_cod; missing_coordinates,"Missing coordinates, Missing exact COD"
MMR-S-ASEAN-001,Minbu Solar Park,MMR,solar,construction,accepted,80,Minbu,Minbu,170.0,,medium,Compiled regional memo,https://www.irena.org/Innovation-landscape-for-smart-electrification/Powering-agriculture-in-rural-Myanmar,,Minbu Solar Park | Minbu | Minbu | Myanmar,Find exact site location from source and recover coordinates,missing_cod; missing_coordinates,"Missing coordinates, Missing exact COD"
LAO-W-ASEAN-003,Truong Son Wind Farm,LAO,wind,pre-construction,accepted,80,Bolikhamxay,Bolikhamxay,600.0,,medium,Utility Filing,https://en.evn.com.vn/d6/news/EVN-and-Phong-Subthavy-Group-Laos-signed-power-purchase-agreements-66-163-3051.aspx,,Truong Son Wind Farm | Bolikhamxay | Bolikhamxay | Laos,Find exact site location from source and recover coordinates,missing_cod; missing_coordinates,"Missing coordinates, Missing exact COD"
LAO-W-ASEAN-002,Savan 1 Project,LAO,wind,pre-construction,accepted,80,Phin and Nong districts,Savannakhet,495.0,,medium,Industry News,https://vietnamenergy.vn/savan-1-wpp-a-highlight-of-vietnam-laos-energy-cooperation-in-the-era-of-green-transition-35626.html,,Savan 1 Project | Phin and Nong districts | Savannakhet | Laos,Find exact site location from source and recover coordinates,missing_cod; missing_coordinates,"Missing coordinates, Missing exact COD"
LAO-W-ASEAN-001,Monsoon Wind Power Project,LAO,wind,operating,accepted,80,Sekong and Attapeu provinces,Sekong and Attapeu provinces,600.0,,medium,Compiled regional memo,https://cleantechnica.com/2025/09/07/laos-wind-farm-begins-power-exports-to-vietnam-in-regional-first/,,Monsoon Wind Power Project | Sekong and Attapeu provinces | Sekong and Attapeu provinces | Laos,Find exact site location from source and recover coordinates,missing_cod; missing_coordinates,"Missing coordinates, Missing exact COD"
IDN-W-ASEAN-004,Tolo 1 Wind,IDN,wind,operating,accepted,80,South Sulawesi,South Sulawesi,72.0,,medium,Compiled regional memo,https://www.ashurst.com/en/insights/indonesias-new-power-development-plan/,,Tolo 1 Wind | South Sulawesi | South Sulawesi | Indonesia,Find exact site location from source and recover coordinates,missing_cod; missing_coordinates,"Missing coordinates, Missing exact COD"
IDN-W-ASEAN-003,Sidrap 1 Wind,IDN,wind,operating,accepted,80,South Sulawesi,South Sulawesi,75.0,,medium,Compiled regional memo,https://www.ashurst.com/en/insights/indonesias-new-power-development-plan/,,Sidrap 1 Wind | South Sulawesi | South Sulawesi | Indonesia,Find exact site location from source and recover coordinates,missing_cod; missing_coordinates,"Missing coordinates, Missing exact COD"
IDN-W-ASEAN-002,PLTB Tanah Laut Adaro,IDN,wind,pre-construction,accepted,80,South Kalimantan,South Kalimantan,70.0,,medium,Compiled regional memo,https://www.ashurst.com/en/insights/indonesias-new-power-development-plan/,,PLTB Tanah Laut Adaro | South Kalimantan | South Kalimantan | Indonesia,Find exact site location from source and recover coordinates,missing_cod; missing_coordinates,"Missing coordinates, Missing exact COD"
IDN-S-ASEAN-003,Likupang Solar Power,IDN,solar,operating,accepted,80,North Sulawesi,North Sulawesi,15.0,,medium,Compiled regional memo,https://www.ashurst.com/en/insights/indonesias-new-power-development-plan/,,Likupang Solar Power | North Sulawesi | North Sulawesi | Indonesia,Find exact site location from source and recover coordinates,missing_cod; missing_coordinates,"Missing coordinates, Missing exact COD"
IDN-S-ASEAN-002,Karangkates Floating Solar,IDN,solar,pre-construction,accepted,80,East Java,East Java,100.0,,medium,Compiled regional memo,https://www.ashurst.com/en/insights/indonesias-new-power-development-plan/,,Karangkates Floating Solar | East Java | East Java | Indonesia,Find exact site location from source and recover coordinates,missing_cod; missing_coordinates,"Missing coordinates, Missing exact COD"
IDN-W-ASEAN-001,East Lombok PLTB,IDN,wind,pre-construction,accepted,80,West Nusa Tenggara,West Nusa Tenggara,115.0,,medium,Compiled regional memo,https://www.ashurst.com/en/insights/indonesias-new-power-development-plan/,,East Lombok PLTB | West Nusa Tenggara | West Nusa Tenggara | Indonesia,Find exact site location from source and recover coordinates,missing_cod; missing_coordinates,"Missing coordinates, Missing exact COD"
IDN-S-ASEAN-001,Cirata Floating PV,IDN,solar,operating,accepted,80,West Java,West Java,145.0,,medium,Compiled regional memo,https://www.ashurst.com/en/insights/indonesias-new-power-development-plan/,,Cirata Floating PV | West Java | West Java | Indonesia,Find exact site location from source and recover coordinates,missing_cod; missing_coordinates,"Missing coordinates, Missing exact COD"
BRN-S-ASEAN-001,Kampong Belimbing Solar,BRN,solar,construction,accepted,80,Kampong Belimbing Mukim Kota Batu,Brunei-Muara,30.0,,medium,Industry News,https://reglobal.org/construction-begins-at-bruneis-flagship-solar-power-plant/,,Kampong Belimbing Solar | Kampong Belimbing Mukim Kota Batu | Brunei-Muara | Brunei,Find exact site location from source and recover coordinates,missing_cod; missing_coordinates,"Missing coordinates, Missing exact COD"
SGP-S-ASEAN-003,Pandan Reservoir Floating Solar,SGP,solar,announced,accepted,70,Pandan Reservoir,Pandan Reservoir,55.0,,medium,Compiled regional memo,https://www.weforum.org/stories/2021/07/singapore-floating-solar-panel-project-to-power-water-system/,,Pandan Reservoir Floating Solar | Pandan Reservoir | Pandan Reservoir | Singapore,Find exact site location from source and recover coordinates,missing_cod; missing_coordinates,"Missing coordinates, Missing exact COD"
SGP-S-ASEAN-002,Lower Seletar Floating Solar,SGP,solar,announced,accepted,70,Lower Seletar Reservoir,Lower Seletar Reservoir,100.0,,medium,Compiled regional memo,https://www.weforum.org/stories/2021/07/singapore-floating-solar-panel-project-to-power-water-system/,,Lower Seletar Floating Solar | Lower Seletar Reservoir | Lower Seletar Reservoir | Singapore,Find exact site location from source and recover coordinates,missing_cod; missing_coordinates,"Missing coordinates, Missing exact COD"
