projectId,projectName,countryCode,technology,paperToPowerLabel,claimedStatus,claimedCod,claimedCapacityMw,observedCapacityProxyMw,observedFirstSeenQuarter,matchConfidence,distanceKm,contextScore,graphContextScore,gridMetadataScore,gridEvidenceClass,gridEvidenceReason,directConnectedSubstationCount,directConnectedTransmissionCount,nearestSiteSideGridDistanceKm,connectedSubstationCount30km,connectedTransmissionCount20km,metadataRichSubstationCount30km,metadataRichTransmissionCount20km,metadataRichBridgeCount,distributionSubstationCount30km,maxNearbyGridVoltageKv
VNM-W-001,Dien Bien 1 Wind Power Plant,VNM,wind,,announced,2025-2030,175.0,,,,,0.515,0.043,0.0,no_credible_grid_evidence,No transmission-grade substation-line topology found in the local free-source context layers.,0,0,,0,0,0,0,0,0,
VNM-W-002,Nam Bung Wind Power Plant,VNM,wind,,announced,,200.0,,,,,0.448,0.043,0.0,no_credible_grid_evidence,No transmission-grade substation-line topology found in the local free-source context layers.,0,0,,0,0,0,0,0,0,
PHL-S-001,Olongapo Solar Power Project,PHL,solar,observed_smaller_than_claimed,construction,2025-09,221.082,131.07,2017 Q4,0.6075,9.475,0.576,0.358,0.495,power_infrastructure_nearby_but_ambiguous,"max mapped voltage 500 kV; 1 substations, 20 transmission lines, 1 credible bridges, but no confirmed site-side connected candidate.",1,0,6.505,1,0,1,20,1,1,500.0
SGP-S-001,Sembcorp Tengeh Floating Solar Farm,SGP,solar,observed_smaller_than_claimed,operating,2021-07-14,60.0,2.85,2021 Q1,0.8725,1.563,0.608,0.311,0.925,power_infrastructure_nearby_but_ambiguous,"max mapped voltage 500 kV; 4 substations, 33 transmission lines, 20 credible bridges, but no confirmed site-side connected candidate.",0,0,,1,20,4,33,20,9,500.0
VNM-S-003,Xuan Thien Ea Sup Solar Power Complex,VNM,solar,observed_smaller_than_claimed,operating,2025-01-13,600.0,1.94,2021 Q2,0.66,2.16,0.467,0.069,0.195,power_infrastructure_nearby_but_ambiguous,"max mapped voltage 500 kV; 0 substations, 5 transmission lines, 0 credible bridges, but no confirmed site-side connected candidate.",0,0,,0,0,0,5,0,0,500.0
IDN-W-001,Sidrap I Wind Power Plant,IDN,wind,observed_on_schedule,operating,2018-04-05,75.0,,2017 Q4,0.925,0.24,0.72,0.665,0.78,transmission_grade_connected,"1 direct connected substations within 2.5 km, 16 transmission lines, 17 credible substation-line bridges; max mapped voltage 150 kV.",1,2,2.471,3,15,3,16,17,0,150.0
MYS-S-002,Gurun Quantum Solar PV Park,MYS,solar,observed_smaller_than_claimed,operating,2018-12,65.0,40.43,2018 Q3,0.91,0.059,0.794,0.814,0.96,transmission_grade_connected,"1 direct connected substations within 0.5 km, 31 transmission lines, 25 credible substation-line bridges; max mapped voltage 300 kV.",1,3,0.454,4,23,5,31,25,0,300.0
MYS-S-001,TNB Sepang Solar,MYS,solar,observed_on_schedule,operating,,50.0,44.16,2018 Q2,0.785,10.597,0.76,0.813,1.0,transmission_grade_connected,"1 direct connected substations within 0.9 km, 19 transmission lines, 22 credible substation-line bridges; max mapped voltage 500 kV.",1,2,0.939,5,16,5,19,22,2,500.0
PHL-S-006,Armenia Solar Power Project,PHL,solar,observed_smaller_than_claimed,operating,2024-11,46.658,7.27,2017 Q4,0.66,2.298,0.602,0.493,0.78,transmission_grade_connected,"1 direct connected substations within 9.1 km, 18 transmission lines, 12 credible substation-line bridges; max mapped voltage 230 kV.",1,1,9.141,1,12,3,18,12,2,230.0
PHL-S-005,Calatrava Solar Power Project,PHL,solar,observed_smaller_than_claimed,operating,2024-12,168.953,84.53,2017 Q4,0.6075,10.245,0.691,0.728,0.695,transmission_grade_connected,"2 direct connected substations within 0.5 km, 9 transmission lines, 5 credible substation-line bridges; max mapped voltage 230 kV.",2,2,0.462,2,4,2,9,5,0,230.0
PHL-S-002,Cayanga-Bugallon Solar Power Plant,PHL,solar,observed_smaller_than_claimed,operating,2024-07,94.717,18.22,2022 Q4,0.645,7.949,0.86,0.782,0.84,transmission_grade_connected,"1 direct connected substations within 0.8 km, 41 transmission lines, 38 credible substation-line bridges; max mapped voltage 500 kV.",1,3,0.825,3,37,3,41,38,0,500.0
PHL-S-004,Laoag Solar Power Project,PHL,solar,observed_smaller_than_claimed,construction,,159.0,0.74,2022 Q3,0.6575,11.583,0.767,0.782,0.84,transmission_grade_connected,"1 direct connected substations within 0.1 km, 15 transmission lines, 16 credible substation-line bridges; max mapped voltage 500 kV.",1,3,0.061,3,15,3,15,16,0,500.0
PHL-S-003,Opus Solar Power Project,PHL,solar,observed_smaller_than_claimed,pre-construction,,300.0,50.05,2017 Q4,0.7475,4.198,0.796,0.809,0.83,transmission_grade_connected,"3 direct connected substations within 0.4 km, 10 transmission lines, 8 credible substation-line bridges; max mapped voltage 230 kV.",3,2,0.403,3,7,3,10,8,1,230.0
VNM-S-002,Dau Tieng Solar Power Complex,VNM,solar,observed_smaller_than_claimed,operating,2025-01-13,350.0,224.29,2018 Q4,0.6975,2.068,0.683,0.643,0.705,transmission_grade_connected,"2 direct connected substations within 2.5 km, 15 transmission lines, 7 credible substation-line bridges; max mapped voltage 220 kV.",2,1,2.519,2,7,2,15,7,0,220.0
VNM-S-004,Hoa Hoi Solar Power Plant,VNM,solar,observed_smaller_than_claimed,operating,2025-01-13,214.0,0.68,2021 Q1,0.66,4.086,0.733,0.837,0.78,transmission_grade_connected,"2 direct connected substations within 0.1 km, 45 transmission lines, 17 credible substation-line bridges; max mapped voltage 220 kV.",2,3,0.139,2,15,2,45,17,0,220.0
VNM-S-001,Trungnam Solar Farm (Thuan Bac),VNM,solar,observed_smaller_than_claimed,operating,2025-01-13,204.0,0.72,2019 Q3,0.66,0.408,0.909,0.912,0.94,transmission_grade_connected,"2 direct connected substations within 0.1 km, 28 transmission lines, 34 credible substation-line bridges; max mapped voltage 220 kV.",2,3,0.115,4,26,4,28,34,0,220.0
