id,severity,finding,affected,denominator,rate,confidence,impact,recommended_test
F1,critical,Non-detection headline mixes missing coverage with non-matches,10,24,0.4167,high,The public percentage overstates projects for which observation evidence can answer the question.,Exclude coverage_unavailable and not_yet_due records from non-detection denominators.
F2,critical,Smaller-than-claimed labels use placeholder capacity proxy,22,22,1.0,high,The interface presents estimated partial-footprint capacity as verified observed build.,Prohibit observed-build labels from fields marked proxy or estimated.
F3,high,Schedule labels are assigned without claimed commissioning dates,5,6,0.8333,high,On-schedule conclusions cannot be evaluated for most projects carrying that label.,Require a parseable claimed date and compatible observation date for schedule assessment.
F4,high,Claimed commissioning dates are mostly missing,40,52,0.7692,high,Temporal eligibility and delay claims are not reliably computable.,Require a date or explicit not-assessable reason before schedule classification.
F5,high,Source publication dates are mostly missing,36,52,0.6923,high,The registry has no defensible freshness measure for most project claims.,Require source_published_at or an explicit unavailable value plus claim_checked_at.
F6,high,Probable duplicate projects remain in the registry,4,52,0.0769,high,Counts and one-to-one matching can be inflated or distorted.,Enforce stable project-phase identifiers and near-duplicate review.
F7,high,Geospatial exports are stale relative to the active registry,16,52,0.3077,high,Different public or analytical outputs can describe different project populations.,Fail builds when generated artifact counts and input hashes disagree.
F8,high,Grid context is unresolved for most projects,36,52,0.6923,high,Grid-readiness language generalizes beyond the assessed subset.,Expose not_assessed explicitly and keep it in every denominator.
F9,medium,Live metadata and current product scope disagree,1,1,1.0,high,Search and social previews describe five countries while the application and README describe ten.,Add content assertions tying metadata scope and headline metrics to generated data.
F10,medium,Reproducibility controls are incomplete,4,4,1.0,high,"Python dependencies, automated tests, CI, and referenced documentation are missing.","Verify clean installation, test, lint, build, and documentation links in CI."
