project_id,project_name,country_code,technology,claimed_status,claimed_cod,claimed_capacity_mw,source_primary_date,source_confidence,source_primary_url,coordinate_accuracy,observation_coverage,current_label,matched_site_id,match_confidence,distance_km,grid_context,duplicate_group,issue_count,issues
BRN-S-ASEAN-001,Kampong Belimbing Solar,BRN,solar,construction,,30.0,,high,https://reglobal.org/construction-begins-at-bruneis-flagship-solar-power-plant/,representative,unavailable,claimed_not_observed,,,,unassessed,,5,missing_claimed_cod;missing_source_date;observation_coverage_unavailable;negative_label_without_coverage;grid_context_unassessed
IDN-S-ASEAN-001,Cirata Floating PV,IDN,solar,operating,,145.0,,high,https://www.masdar.ae/en/our-portfolio/cirata,reservoir_representative,available,observed_on_schedule,GRW::SOLAR::IDN::solar_sea_2024q2_v1.geojson::8,0.875,3.98,unassessed,,4,missing_claimed_cod;missing_source_date;schedule_label_without_claimed_cod;grid_context_unassessed
IDN-S-ASEAN-002,Karangkates Floating Solar,IDN,solar,pre-construction,,100.0,,high,https://www.pln.co.id/,reservoir_representative,available,claimed_not_observed,,,,unassessed,,3,missing_claimed_cod;missing_source_date;grid_context_unassessed
IDN-S-ASEAN-003,Likupang Solar Power,IDN,solar,operating,,15.0,,high,https://vieshine.com/projects/likupang-solar-power-plant/,district_representative,available,observed_smaller_than_claimed,GRW::SOLAR::IDN::solar_sea_2024q2_v1.geojson::483,0.695,5.257,unassessed,,4,missing_claimed_cod;missing_source_date;label_uses_capacity_proxy;grid_context_unassessed
IDN-S-ASEAN-004,Trembesi Floating Solar,IDN,solar,pre-construction,,35.0,,high,https://ptplnnr.com/news-and-articles/detail/getting-to-know-plts-terapung-tembesi-the-largest-solar-power-plant-in-indonesia-by-pln-nusantara-renewables,reservoir_representative,available,claimed_not_observed,,,,unassessed,,3,missing_claimed_cod;missing_source_date;grid_context_unassessed
IDN-W-001,Sidrap I Wind Power Plant,IDN,wind,operating,2018-04-05,75.0,2018,high,https://www.thewindpower.net/windfarm_en_24999_sidrap.php,representative,available,observed_on_schedule,GRW::WIND::IDN::wind_sea_2024q2_v1.geojson::786,0.925,0.24,transmission_grade_connected,DUP-01,1,probable_duplicate
IDN-W-ASEAN-001,East Lombok PLTB,IDN,wind,pre-construction,,115.0,,medium,https://www.esdm.go.id/,district_representative,available,claimed_not_observed,,,,unassessed,,3,missing_claimed_cod;missing_source_date;grid_context_unassessed
IDN-W-ASEAN-002,PLTB Tanah Laut Adaro,IDN,wind,pre-construction,,70.0,,medium,https://www.adaro.com/,district_representative,available,claimed_not_observed,,,,unassessed,,3,missing_claimed_cod;missing_source_date;grid_context_unassessed
IDN-W-ASEAN-003,Sidrap 1 Wind,IDN,wind,operating,,75.0,,high,https://upcrenewables.com/indonesia/sidrap-wind-farm/,exact,available,observed_on_schedule,GRW::WIND::IDN::wind_sea_2024q2_v1.geojson::793,0.71,10.123,unassessed,DUP-01,5,missing_claimed_cod;missing_source_date;schedule_label_without_claimed_cod;grid_context_unassessed;probable_duplicate
IDN-W-ASEAN-004,Tolo 1 Wind,IDN,wind,operating,,72.0,,high,https://vieshine.com/projects/tolo-wind-farm/,exact,available,observed_on_schedule,GRW::WIND::IDN::wind_sea_2024q2_v1.geojson::801,0.71,5.45,unassessed,,4,missing_claimed_cod;missing_source_date;schedule_label_without_claimed_cod;grid_context_unassessed
KHM-S-ASEAN-001,National Solar Park,KHM,solar,operating,,100.0,,high,https://www.adb.org/projects/51139-002/main,representative,unavailable,claimed_not_observed,,,,unassessed,,5,missing_claimed_cod;missing_source_date;observation_coverage_unavailable;negative_label_without_coverage;grid_context_unassessed
LAO-W-ASEAN-001,Monsoon Wind Power Project,LAO,wind,operating,,600.0,,high,https://monsoonwindpower.com/,representative,unavailable,claimed_not_observed,,,,unassessed,,5,missing_claimed_cod;missing_source_date;observation_coverage_unavailable;negative_label_without_coverage;grid_context_unassessed
LAO-W-ASEAN-002,Savan 1 Project,LAO,wind,pre-construction,,495.0,,high,https://vietnamenergy.vn/savan-1-wpp-a-highlight-of-vietnam-laos-energy-cooperation-in-the-era-of-green-transition-35626.html,district_representative,unavailable,claimed_not_observed,,,,unassessed,,5,missing_claimed_cod;missing_source_date;observation_coverage_unavailable;negative_label_without_coverage;grid_context_unassessed
LAO-W-ASEAN-003,Truong Son Wind Farm,LAO,wind,pre-construction,,600.0,,low,https://en.evn.com.vn/d6/news/EVN-and-Phong-Subthavy-Group-Laos-signed-power-purchase-agreements-66-163-3051.aspx,province_representative,unavailable,claimed_not_observed,,,,unassessed,,5,missing_claimed_cod;missing_source_date;observation_coverage_unavailable;negative_label_without_coverage;grid_context_unassessed
MMR-S-ASEAN-001,Minbu Solar Park,MMR,solar,construction,,170.0,,high,https://gepmyanmar.com/minbu-solar-power-plant/,exact,unavailable,claimed_not_observed,,,,unassessed,,5,missing_claimed_cod;missing_source_date;observation_coverage_unavailable;negative_label_without_coverage;grid_context_unassessed
MYS-S-001,TNB Sepang Solar,MYS,solar,operating,,50.0,2018-11-01,high,https://www.st.gov.my/,representative,available,observed_on_schedule,GRW::SOLAR::MYS::solar_sea_2024q2_v1.geojson::591,0.785,10.597,transmission_grade_connected,,2,missing_claimed_cod;schedule_label_without_claimed_cod
MYS-S-002,Gurun Quantum Solar PV Park,MYS,solar,operating,2018-12,65.0,2021,high,http://eprints.utar.edu.my/4992/1/MEEK25110_EdbertHuamJunPing_2102592_EEC.pdf,unspecified,available,observed_smaller_than_claimed,GRW::SOLAR::MYS::solar_sea_2024q2_v1.geojson::952,0.91,0.059,transmission_grade_connected,,1,label_uses_capacity_proxy
MYS-S-ASEAN-001,LSS5+ Kelantan Solar,MYS,solar,pre-construction,,100.0,,low,https://www.st.gov.my/,province_representative,available,claimed_not_observed,,,,unassessed,,3,missing_claimed_cod;missing_source_date;grid_context_unassessed
MYS-S-ASEAN-002,LSS5+ Port Dickson Solar,MYS,solar,pre-construction,,99.99,,medium,https://www.st.gov.my/,district_representative,available,observed_smaller_than_claimed,GRW::SOLAR::MYS::solar_sea_2024q2_v1.geojson::39,0.6575,9.804,unassessed,,4,missing_claimed_cod;missing_source_date;label_uses_capacity_proxy;grid_context_unassessed
MYS-S-ASEAN-003,LSS5+ Segamat Solar,MYS,solar,pre-construction,,99.99,,medium,https://www.st.gov.my/,district_representative,available,observed_smaller_than_claimed,GRW::SOLAR::MYS::solar_sea_2024q2_v1.geojson::988,0.5675,22.001,unassessed,,4,missing_claimed_cod;missing_source_date;label_uses_capacity_proxy;grid_context_unassessed
MYS-S-ASEAN-004,LSS5+ Windsor Estate Solar,MYS,solar,pre-construction,,470.0,,medium,https://www.st.gov.my/,representative,available,observed_smaller_than_claimed,GRW::SOLAR::MYS::solar_sea_2024q2_v1.geojson::460,0.6575,13.051,unassessed,,4,missing_claimed_cod;missing_source_date;label_uses_capacity_proxy;grid_context_unassessed
MYS-S-ASEAN-005,LSS5+ reNIKOLA Kemaman 1,MYS,solar,pre-construction,,250.0,,medium,https://renikola.com/,district_representative,available,observed_smaller_than_claimed,GRW::SOLAR::MYS::solar_sea_2024q2_v1.geojson::940,0.5675,16.421,unassessed,,4,missing_claimed_cod;missing_source_date;label_uses_capacity_proxy;grid_context_unassessed
MYS-S-ASEAN-006,LSS5+ reNIKOLA Kemaman 2,MYS,solar,pre-construction,,150.0,,medium,https://renikola.com/,district_representative,available,observed_smaller_than_claimed,GRW::SOLAR::MYS::solar_sea_2024q2_v1.geojson::407,0.5675,25.906,unassessed,,4,missing_claimed_cod;missing_source_date;label_uses_capacity_proxy;grid_context_unassessed
PHL-M-ASEAN-001,Terra Solar (with BESS),PHL,mixed,pre-construction,,1785.7,,high,https://terrasolar.ph/,representative,available,claimed_not_observed,,,,unassessed,,3,missing_claimed_cod;missing_source_date;grid_context_unassessed
PHL-S-001,Olongapo Solar Power Project,PHL,solar,construction,2025-09,221.082,2023-10-31,high,https://www.doe.gov.ph/sites/default/files/pdf/renewable_energy/awarded_solar_2023-10-31.pdf,exact,available,observed_smaller_than_claimed,GRW::SOLAR::PHL::solar_sea_2024q2_v1.geojson::919,0.6075,9.475,power_infrastructure_nearby_but_ambiguous,,1,label_uses_capacity_proxy
PHL-S-002,Cayanga-Bugallon Solar Power Plant,PHL,solar,operating,2024-07,94.717,2025-04-29,high,https://aboitizpower.com/static-assets/uploads/pdf/ap-bonds---preliminary-prospectus-2025.04.29.pdf,representative,available,observed_smaller_than_claimed,GRW::SOLAR::PHL::solar_sea_2024q2_v1.geojson::523,0.645,7.949,transmission_grade_connected,,1,label_uses_capacity_proxy
PHL-S-003,Opus Solar Power Project,PHL,solar,pre-construction,,300.0,2024,high,https://r1.emb.gov.ph/wp-content/uploads/2024/07/Project-Description-for-Scoping.pdf,representative,available,observed_smaller_than_claimed,GRW::SOLAR::PHL::solar_sea_2024q2_v1.geojson::603,0.7475,4.198,transmission_grade_connected,,2,missing_claimed_cod;label_uses_capacity_proxy
PHL-S-004,Laoag Solar Power Project,PHL,solar,construction,,159.0,2023-05-17,high,https://aboitizpower.com/news/aboitizpower-starts-construction-of-159-mwp-pangasinan-solar-plant,representative,available,observed_smaller_than_claimed,GRW::SOLAR::PHL::solar_sea_2024q2_v1.geojson::17,0.6575,11.583,transmission_grade_connected,,2,missing_claimed_cod;label_uses_capacity_proxy
PHL-S-005,Calatrava Solar Power Project,PHL,solar,operating,2024-12,168.953,2023-10-31,high,https://www.doe.gov.ph/sites/default/files/pdf/renewable_energy/awarded_solar_2023-10-31.pdf,exact,available,observed_smaller_than_claimed,GRW::SOLAR::PHL::solar_sea_2024q2_v1.geojson::785,0.6075,10.245,transmission_grade_connected,,1,label_uses_capacity_proxy
PHL-S-006,Armenia Solar Power Project,PHL,solar,operating,2024-11,46.658,2023-08-01,high,https://aboitizpower.com/,representative,available,observed_smaller_than_claimed,GRW::SOLAR::PHL::solar_sea_2024q2_v1.geojson::361,0.66,2.298,transmission_grade_connected,,1,label_uses_capacity_proxy
PHL-W-ASEAN-001,Bulalacao Bay Offshore,PHL,wind,pre-construction,,1200.0,,high,https://www.doe.gov.ph/awarded-offshore-wind-projects,coastal_block_representative,available,claimed_not_observed,,,,unassessed,,3,missing_claimed_cod;missing_source_date;grid_context_unassessed
PHL-W-ASEAN-002,Calatagan Offshore Wind,PHL,wind,pre-construction,,1830.0,,high,https://www.doe.gov.ph/awarded-offshore-wind-projects,coastal_block_representative,available,claimed_not_observed,,,,unassessed,,3,missing_claimed_cod;missing_source_date;grid_context_unassessed
PHL-W-ASEAN-003,Claveria Offshore Wind,PHL,wind,pre-construction,,1600.0,,high,https://www.doe.gov.ph/awarded-offshore-wind-projects,coastal_block_representative,available,observed_on_schedule,GRW::WIND::PHL::wind_sea_2024q2_v1.geojson::852,0.62,20.32,unassessed,,4,missing_claimed_cod;missing_source_date;schedule_label_without_claimed_cod;grid_context_unassessed
PHL-W-ASEAN-004,Mariveles Offshore Wind,PHL,wind,pre-construction,,1500.0,,high,https://www.doe.gov.ph/awarded-offshore-wind-projects,coastal_block_representative,available,claimed_not_observed,,,,unassessed,,3,missing_claimed_cod;missing_source_date;grid_context_unassessed
PHL-W-ASEAN-005,NOM FL1 Offshore Wind,PHL,wind,pre-construction,,3038.0,,high,https://www.doe.gov.ph/awarded-offshore-wind-projects,coastal_block_representative,available,claimed_not_observed,,,,unassessed,,3,missing_claimed_cod;missing_source_date;grid_context_unassessed
PHL-W-ASEAN-006,Northern Mindoro Offshore,PHL,wind,pre-construction,,2000.0,,high,https://www.doe.gov.ph/awarded-offshore-wind-projects,coastal_block_representative,available,claimed_not_observed,,,,unassessed,,3,missing_claimed_cod;missing_source_date;grid_context_unassessed
PHL-W-ASEAN-007,San Miguel Bay Offshore,PHL,wind,pre-construction,,1000.0,,high,https://www.doe.gov.ph/awarded-offshore-wind-projects,coastal_block_representative,available,claimed_not_observed,,,,unassessed,,3,missing_claimed_cod;missing_source_date;grid_context_unassessed
SGP-S-001,Sembcorp Tengeh Floating Solar Farm,SGP,solar,operating,2021-07-14,60.0,2021-07-14,high,https://www.pub.gov.sg/public/Publications/Press-Releases/2021/Singapore-Unveils-One-of-the-World-Largest-Floating-Solar-Farms,reservoir_representative,available,observed_smaller_than_claimed,GRW::SOLAR::SGP::solar_sea_2024q2_v1.geojson::435,0.8725,1.563,power_infrastructure_nearby_but_ambiguous,DUP-02,2,label_uses_capacity_proxy;probable_duplicate
SGP-S-ASEAN-001,Kranji Reservoir Floating Solar,SGP,solar,construction,,141.0,,high,https://www.pub.gov.sg/,reservoir_representative,available,observed_smaller_than_claimed,GRW::SOLAR::SGP::solar_sea_2024q2_v1.geojson::65,0.6575,5.979,unassessed,,4,missing_claimed_cod;missing_source_date;label_uses_capacity_proxy;grid_context_unassessed
SGP-S-ASEAN-002,Lower Seletar Floating Solar,SGP,solar,announced,,100.0,,high,https://www.pub.gov.sg/,reservoir_representative,available,observed_smaller_than_claimed,GRW::SOLAR::SGP::solar_sea_2024q2_v1.geojson::3,0.6575,10.777,unassessed,,4,missing_claimed_cod;missing_source_date;label_uses_capacity_proxy;grid_context_unassessed
SGP-S-ASEAN-003,Pandan Reservoir Floating Solar,SGP,solar,announced,,55.0,,high,https://www.pub.gov.sg/,reservoir_representative,available,observed_smaller_than_claimed,GRW::SOLAR::SGP::solar_sea_2024q2_v1.geojson::9,0.7475,3.018,unassessed,,4,missing_claimed_cod;missing_source_date;label_uses_capacity_proxy;grid_context_unassessed
SGP-S-ASEAN-004,Sembcorp Tengeh Floating Solar Farm,SGP,solar,operating,,60.0,,high,https://www.pub.gov.sg/public/Publications/Press-Releases/2021/Singapore-Unveils-One-of-the-World-Largest-Floating-Solar-Farms,reservoir_representative,available,observed_smaller_than_claimed,GRW::SOLAR::SGP::solar_sea_2024q2_v1.geojson::5,0.7475,1.544,unassessed,DUP-02,5,missing_claimed_cod;missing_source_date;label_uses_capacity_proxy;grid_context_unassessed;probable_duplicate
THA-S-ASEAN-001,Bhumibol Dam FPV 1,THA,solar,pre-construction,,158.0,,high,https://solarquarter.com/2025/03/31/thailand-energy-egat-advances-bhumibol-dam-floating-solar-project-with-158-mw-capacity/,reservoir_representative,unavailable,claimed_not_observed,,,,unassessed,,5,missing_claimed_cod;missing_source_date;observation_coverage_unavailable;negative_label_without_coverage;grid_context_unassessed
THA-S-ASEAN-002,Saeng Pat Phalangngan,THA,solar,operating,,77.0,,high,https://www.findevcanada.ca/sites/default/files/2025-01/Solar%20and%20Solar%20BESS%20site%20information.pdf,exact,unavailable,claimed_not_observed,,,,unassessed,,5,missing_claimed_cod;missing_source_date;observation_coverage_unavailable;negative_label_without_coverage;grid_context_unassessed
THA-S-ASEAN-003,Sri Nakarin Dam FPV 1,THA,solar,pre-construction,,140.0,,high,https://taiyangnews.info/tenders/thailand-280-mw-ac-floating-solar-tender,reservoir_representative,unavailable,claimed_not_observed,,,,unassessed,,5,missing_claimed_cod;missing_source_date;observation_coverage_unavailable;negative_label_without_coverage;grid_context_unassessed
THA-S-ASEAN-004,Srinagarind Dam FPV 3,THA,solar,pre-construction,,280.0,,high,https://asian-power.com/news/thailand-seeks-bids-280-mwac-floating-solar-project,reservoir_representative,unavailable,claimed_not_observed,,,,unassessed,,5,missing_claimed_cod;missing_source_date;observation_coverage_unavailable;negative_label_without_coverage;grid_context_unassessed
VNM-S-001,Trungnam Solar Farm (Thuan Bac),VNM,solar,operating,2025-01-13,204.0,2021,medium,https://data.opendevelopmentmekong.net/dataset/16fdd64a-86a9-46f9-a794-c0ef25d810e9/resource/9640d37d-53ca-42fb-83a0-04de89228f1d/download/mekong-power-generation.xlsx,representative,available,observed_smaller_than_claimed,GRW::SOLAR::VNM::solar_sea_2024q2_v1.geojson::270,0.66,0.408,transmission_grade_connected,,1,label_uses_capacity_proxy
VNM-S-002,Dau Tieng Solar Power Complex,VNM,solar,operating,2025-01-13,350.0,2021,high,https://data.opendevelopmentmekong.net/dataset/16fdd64a-86a9-46f9-a794-c0ef25d810e9/resource/9640d37d-53ca-42fb-83a0-04de89228f1d/download/mekong-power-generation.xlsx,representative,available,observed_smaller_than_claimed,GRW::SOLAR::VNM::solar_sea_2024q2_v1.geojson::653,0.6975,2.068,transmission_grade_connected,,1,label_uses_capacity_proxy
VNM-S-003,Xuan Thien Ea Sup Solar Power Complex,VNM,solar,operating,2025-01-13,600.0,2020,medium,https://maps.apple.com/place?auid=921833422019915198,representative,available,observed_smaller_than_claimed,GRW::SOLAR::VNM::solar_sea_2024q2_v1.geojson::231,0.66,2.16,power_infrastructure_nearby_but_ambiguous,,1,label_uses_capacity_proxy
VNM-S-004,Hoa Hoi Solar Power Plant,VNM,solar,operating,2025-01-13,214.0,2019-06-01,high,https://www.adb.org/projects/53166-001/main,representative,available,observed_smaller_than_claimed,GRW::SOLAR::VNM::solar_sea_2024q2_v1.geojson::300,0.66,4.086,transmission_grade_connected,,1,label_uses_capacity_proxy
VNM-W-001,Dien Bien 1 Wind Power Plant,VNM,wind,announced,2025-2030,175.0,2022-01-01,medium,https://bcgenergy.com.vn/en/projects,district_representative,available,claimed_not_observed,,,,no_credible_grid_evidence,,0,
VNM-W-002,Nam Bung Wind Power Plant,VNM,wind,announced,,200.0,2022-05-01,high,https://yenbai.gov.vn/,exact,available,claimed_not_observed,,,,no_credible_grid_evidence,,1,missing_claimed_cod
