path,bytes,sha256,git_commit,git_committed_at
data/processed/project_registry.json,60715,1e436b9709eef167b1dc87c545eac84d9b8a55cc7e6a3a5f617f8ebc5362f755,c3f7b8c0524b3a118458eed098a0eb30a2f77c08,2026-04-05T02:32:52+08:00
data/processed/frontend_dataset.json,290948,9ded31369da4c6b7fa6c145ed9effc7f44756c2cdc6914eea57a938bcf5666d0,c3f7b8c0524b3a118458eed098a0eb30a2f77c08,2026-04-05T02:32:52+08:00
data/processed/observed_assets.json,23045970,a4662e21d853a318c3aed5a43cfc93a5245d72d41945ef758d007a397caf2802,a2c88293fca92939102c0ca95c5d1ee9a1e162f0,2026-04-04T00:27:10+08:00
data/processed/project_asset_matches.json,14446,fe127060bf7c9323b5e915ca7758244fedd0bf100fccf11ca1657190c3babfa0,c3f7b8c0524b3a118458eed098a0eb30a2f77c08,2026-04-05T02:32:52+08:00
data/processed/paper_to_power_labels.json,437531,1e54871406a870e95821c704a3244b4cf5c01d311d9358ec41a4bbed2c6b1910,c3f7b8c0524b3a118458eed098a0eb30a2f77c08,2026-04-05T02:32:52+08:00
data/processed/geospatial/summary.json,1085,2ab2303261e1fb42f9027f25349bed1a2a562bd031d194b4e9884ecce4a9c1fb,a2c88293fca92939102c0ca95c5d1ee9a1e162f0,2026-04-04T00:27:10+08:00
data/processed/geospatial/site_context_features.json,32481,37542d3bb857de536b39e122c4d033f7778245801b8d18af502e79ac61480ad1,a2c88293fca92939102c0ca95c5d1ee9a1e162f0,2026-04-04T00:27:10+08:00
data/raw/grw/solar_sea_2024q2_v1.geojson,10312049,a92774d1b49117740fd8ec15206d3dde75ec696524539cc0d6ed37bc069f84ad,a2c88293fca92939102c0ca95c5d1ee9a1e162f0,2026-04-04T00:27:10+08:00
data/raw/grw/wind_sea_2024q2_v1.geojson,429020,7e046d074461f16ea89d157f80ffd75f100f18e5fc234736aed275e21152b0ba,a2c88293fca92939102c0ca95c5d1ee9a1e162f0,2026-04-04T00:27:10+08:00
src/data/generated.ts,291805,8a1d5ddb78506a194303a58e79b22f25c628bcf4bfa5ac56e34358e8fe459121,c3f7b8c0524b3a118458eed098a0eb30a2f77c08,2026-04-05T02:32:52+08:00
src/components/HeroSection.tsx,2803,48a242f29cd8e446af196409745e9afde0ad9a337c527dd22529f0c8a8154251,56b10f6b366873f893cdbe6935b924e9aa07b043,2026-04-05T04:39:48+08:00
pipeline/ingest_grw.py,7213,b756440e906fca05639f1420fd5e2e4d618592af6d6fa49e4d10ca62840d4931,c3f7b8c0524b3a118458eed098a0eb30a2f77c08,2026-04-05T02:32:52+08:00
pipeline/match_projects.py,12016,5b8a228d80459be6f5ed9a664edd1dfbef25f869a2fa686c37e7eff9555f52a6,a2c88293fca92939102c0ca95c5d1ee9a1e162f0,2026-04-04T00:27:10+08:00
