project_id,review_status,reviewed_project_name,reviewed_phase_name,reviewed_location_text,reviewed_province_state_region,reviewed_latitude,reviewed_longitude,reviewed_claimed_capacity_mw,reviewed_claimed_cod,reviewed_project_status,reviewed_source_primary_url,reviewed_source_secondary_urls,reviewed_source_primary_type,reviewed_source_primary_date,reviewed_source_confidence,reviewed_data_quality_flags,reviewer_notes
PHL-S-001,approved,"Olongapo Solar Power Project",,"Olongapo City",Zambales,14.8386,120.2842,221.082,2025-09,construction,https://www.doe.gov.ph/sites/default/files/pdf/renewable_energy/awarded_solar_2023-10-31.pdf,,Government Registry,2023-10-31,high,"Representative point; exact site boundaries not public","Applied representative coordinates and DOE-backed locality from the provided result."
PHL-S-002,approved,,"","Barangays Cayanga, Salomague Sur, and Salomague Norte, Municipality of Bugallon",Pangasinan,15.9122,120.1983,94.717,2024-07,operating,https://aboitizpower.com/static-assets/uploads/pdf/ap-bonds---preliminary-prospectus-2025.04.29.pdf,https://r1.emb.gov.ph/wp-content/uploads/2022/07/PDS-with-Annexes-for-submission-071422.xcg_.pdf,Developer Prospectus,2025-04-29,high,"Representative point; competing 650 MW project overlaps same barangays","Applied representative project-area coordinates and updated site locality from the provided table."
PHL-S-004,approved,"Laoag Solar Power Project",,"Brgy. Laoag, Aguilar",Pangasinan,15.8900,120.2300,159,,construction,https://aboitizpower.com/news/aboitizpower-starts-construction-of-159-mwp-pangasinan-solar-plant,,Developer Press Release,2023-05-17,high,"Representative point; project naming ambiguity remains","Applied representative coordinates for the Aguilar, Pangasinan project while retaining the known naming ambiguity."
PHL-S-005,approved,"Calatrava Solar Power Project",,"Brgy. San Isidro, Calatrava",Negros Occidental,10.5980,123.4770,168.953,2024-12,operating,https://www.doe.gov.ph/sites/default/files/pdf/renewable_energy/awarded_solar_2023-10-31.pdf,,Government Registry,2023-10-31,high,"Representative point; exact site coordinates not public","Applied representative coordinates and DOE-backed locality from the provided result."
PHL-S-006,approved,"Armenia Solar Power Project",,"Brgy. Armenia, Tarlac City",Tarlac,15.4300,120.5510,46.658,2024-11,operating,https://aboitizpower.com/,,Developer Portfolio,2023-08-01,high,"Representative point; precise footprint mapping unavailable","Applied representative coordinates and barangay-level locality from the provided result."
VNM-W-001,approved,"Dien Bien 1 Wind Power Plant",,"Dien Bien Province",Dien Bien,21.3860,103.0180,175,2025-2030,announced,https://bcgenergy.com.vn/en/projects,,Developer Website,2022-01-01,medium,"Representative point; specific commune/district details not public","Applied representative province-level coordinates from the provided result."
VNM-W-002,approved,,"","Nam Bung and Nam Lan Communes, Van Chan District",Yen Bai,21.7350,104.2810,200,,announced,https://yenbai.gov.vn/,,Provincial Planning Document,2022-05-01,high,"Representative point; exact turbine layouts not public","Applied representative coordinates and commune-level locality from the provided result."
MYS-S-002,approved,"Gurun Quantum Solar PV Park",,"Jln Kampung Paya Mat Insun, Pendang",Kedah,5.86295,100.53893,65,2018-12,operating,http://eprints.utar.edu.my/4992/1/MEEK25110_EdbertHuamJunPing_2102592_EEC.pdf,https://www.power-technology.com/data-insights/power-plant-profile-gurun-quantum-solar-pv-park-malaysia/,Academic Thesis,2021,high,None,"Applied exact coordinates and updated project name/locality from the provided table."
SGP-S-001,approved,"Sembcorp Tengeh Floating Solar Farm",,"Tengeh Reservoir","West Region",1.3364,103.6360,60,2021-07-14,operating,https://www.pub.gov.sg/public/Publications/Press-Releases/2021/Singapore-Unveils-One-of-the-World-Largest-Floating-Solar-Farms,https://www.sembcorp.com/,Utility Press Release,2021-07-14,high,"Representative point for reservoir-scale floating system","Applied representative reservoir coordinates for mapping. The underlying asset remains a dispersed multi-island footprint."
IDN-S-001,rejected,"Singa Renewables Solar and Storage",,"Riau Province",Riau,,,1000,2029,pre-construction,https://totalenergies.com/system/files/documents/totalenergies_indonesia-singapore-totalEnergies-and-rge-reach-new-milestone-large-scale-solar-and-battery-storage-project_2025_en.pdf,"https://totalenergies.sg/newsroom/totalenergies-and-rge-ink-co-investment-agreement-develop-solar-power-and-battery-energy, https://www.msdi.co.id/projects/12000ha-lidar-technology-empowering-renewable-energy-from-indonesia-to-singapore-total-energies/",Official Developer Press Release,2025,high,"No public project coordinates; province-level locality only","Resolved against primary sources to the TotalEnergies/RGE Singa project in Riau Province. Rejected from promotion for now because there is still no source-backed point geometry or defensible representative coordinate."
MYS-S-001,approved,"TNB Sepang Solar",,"Mukim Tanjung 12, Kuala Langat",Selangor,2.7483,101.5275,50,,operating,https://www.st.gov.my/,https://www.tnb.com.my/,Regulator Registry,2018-11-01,high,"Representative point for LSS site","Applied representative coordinates from the provided result."
IDN-W-001,approved,"Sidrap I Wind Power Plant",,"Pabbaresseng Mountains, Lainungan and Mattirotasi Villages, Watang Pulu",South Sulawesi,-3.987306,119.711472,75,2018-04-05,operating,https://www.thewindpower.net/windfarm_en_24999_sidrap.php,https://barito-pacific.com/our-business/barito-wind-energy,Technical Database,2018,high,"Representative point; ridge-layout wind farm","Applied representative coordinates for the 30-turbine ridge layout and updated locality/source quality from the provided result."
PHL-S-003,approved,"Opus Solar Power Project",,"Barangays Bacsil and Mumulaan, Municipality of Paoay",Ilocos Norte,18.088064,120.486786,300,,pre-construction,https://r1.emb.gov.ph/wp-content/uploads/2024/07/Project-Description-for-Scoping.pdf,,Official Environmental Filing,2024,high,"Representative point from official project boundary table","Applied the representative point extracted from Boundary Point 1 in the DENR-EMB scoping document."
VNM-S-001,approved,"Trungnam Solar Farm (Thuan Bac)",,"Phuoc Minh Commune, Thuan Bac District",Ninh Thuan,11.68597,109.0268,204,2025-01-13,operating,https://data.opendevelopmentmekong.net/dataset/16fdd64a-86a9-46f9-a794-c0ef25d810e9/resource/9640d37d-53ca-42fb-83a0-04de89228f1d/download/mekong-power-generation.xlsx,https://www.thewindpower.net/windfarm_en_27453_trung-nam-i.php,Technical Database,2021,medium,"Representative point; project name ambiguity within Trung Nam portfolio","Applied the coordinate-backed Thuan Bac site. Approved because the point is explicit in the technical dataset, while noting the broader naming ambiguity."
VNM-S-002,approved,"Dau Tieng Solar Power Complex",,"Suoi Da Commune, Duong Minh Chau District",Tay Ninh,11.45169,106.2132,350,2025-01-13,operating,https://data.opendevelopmentmekong.net/dataset/16fdd64a-86a9-46f9-a794-c0ef25d810e9/resource/9640d37d-53ca-42fb-83a0-04de89228f1d/download/mekong-power-generation.xlsx,"https://en.wikipedia.org/wiki/Dau_Tieng_Solar_Power_Project, https://www.adb.org/sites/default/files/project-documents/54013/54013-001-esmr-en_7.pdf",Technical Database,2021,high,"Representative point for multi-phase complex","Applied the coordinate-backed representative point for the Dau Tieng complex."
VNM-S-003,approved,"Xuan Thien Ea Sup Solar Power Complex",,"Ia Lop Commune, Ea Sup District",Dak Lak,13.06619,107.88506,600,2025-01-13,operating,https://maps.apple.com/place?auid=921833422019915198,https://theinvestor.vn/vietnam-central-highlands-province-revokes-132-hectares-designated-for-solar-power-project-d8336.html,Reputable Map Database,2020,medium,"Representative centroid for very large complex","Applied the representative point for the Ea Sup complex and retained medium confidence because the source is map-style rather than a formal planning filing."
VNM-S-004,approved,"Hoa Hoi Solar Power Plant",,"Hoa Hoi Commune, Phu Hoa District",Phu Yen,13.0489,109.1558,214,2025-01-13,operating,https://www.adb.org/projects/53166-001/main,,Multilateral Bank Database,2019-06-01,high,"Representative point for operational plant","Applied representative coordinates from the provided result."
