ID,Title,Description,Acceptance,Test_Method,Tools,Dev_Status,Review1_Status,Regression_Status,Files,Dependencies,Notes
P1,Preserve and diagnose current version,"Record the deployed baseline, data cutoffs, input hashes, generated counts, duplicates, eligibility problems, and stale artifacts without changing public logic.","A reproducible baseline audit and lineage manifest cover every current registry row and all generated outputs.","Re-run the audit and compare deterministic summaries and hashes.","local:git; local:python; web:official-sources",DONE,DONE,DONE,"data; src/data/generated.ts; README.md; work/phase-1-audit",None,"Phase 1 complete; deterministic rerun passed and report rendered. Checkpoint before P2."
P2,Refresh and deduplicate registry,"Recheck retained projects against February 2026 GEM and current authoritative sources; resolve duplicates and project phases.","Every retained record is current, uniquely identified, dated, sourced, and either resolved or explicitly flagged.","Schema, URL, duplicate, contradiction, and row-count validations.","web:official-sources; local:python",TODO,TODO,TODO,"data/manual; data/processed; pipeline",P1,"No countries added."
P3,Separate evidence dimensions,"Replace the overloaded public label with claim, observation, schedule, grid-context, and review dimensions.","The schema prevents coverage gaps or missing dates from becoming negative delivery conclusions.","Schema and temporal-eligibility unit tests.","local:python; local:typescript",TODO,TODO,TODO,"pipeline/models.py; pipeline/build_frontend_exports.py; src/types/domain.ts",P2,"Migration must preserve provenance."
P4,Rebuild observation layer efficiently,"Reuse GRW, screen eligibility, inspect previews, and pilot targeted inference on Tengeh, Sidrap, and Claveria before any scaling.","No unnecessary imagery jobs; direct observations and estimates are separated; pilot results include resource measurements.","Golden-case review plus bytes, runtime, cache, and retained-storage audit.","web:copernicus; local:python; local:geospatial",TODO,TODO,TODO,"pipeline; data/processed/geospatial; work/imagery-cache",P3,"Zero paid services; raw imagery stays out of Git."
P5,Replace greedy matching,"Generate reviewable candidates with phase, geometry, timing, accuracy, and onshore-offshore constraints.","Every published match is manually approved and rejected candidates remain auditable.","Matching unit tests and golden-case regression tests.","local:python; local:geospatial",TODO,TODO,TODO,"pipeline/match_projects.py; data/manual; data/processed",P4,"Support multiple assets per project."
P6,Reframe grid context,"Rename grid readiness and limit claims to what open infrastructure evidence supports.","No proximity signal is described as connection, evacuation capacity, commissioning, or delivery without an authoritative source.","Content assertions and row-level evidence review.","local:python; local:typescript; web:official-sources",TODO,TODO,TODO,"pipeline/build_site_context.py; src/components; data/processed",P3,"Unassessed remains explicit."
P7,Redesign public narrative,"Replace invalid metrics and expose cutoffs, denominators, freshness, sources, review status, downloads, limitations, and accessibility improvements.","Every displayed metric has a valid denominator and the interface communicates uncertainty clearly.","Frontend tests, accessibility review, responsive review, and content assertions.","local:typescript; local:browser",TODO,TODO,TODO,"src; public; README.md",P5,"Preserve the existing visual identity."
P8,Make repository reproducible,"Lock dependencies, remove hard-coded runtimes, add tests, CI, documentation, and licensing.","A clean environment can install, validate data, lint, test, and build deterministically.","uv sync; npm ci; pytest; lint; build; generated-artifact freshness check.","local:python; local:node; github:actions",TODO,TODO,TODO,"pyproject.toml; package-lock.json; .github; tests; docs; LICENSE",P3,"Separate code and data licensing."
P9,Review and deploy,"Perform final row review, preview deployment, regression testing, release tagging, and live verification.","Reviewed preview and live site serve the intended dated dataset and assets with rollback available.","Preview and live smoke tests; dataset hash comparison; deployment status review.","local:git; local:browser; cloudflare:pages",TODO,TODO,TODO,"dist; data/processed; src/data/generated.ts",P6;P7;P8,"Do not replace the live version before acceptance."
